station_id,station_name,latitude,longitude,city,state,country,operator,network,status,access_type,total_charging_points,avg_power_kw,max_power_kw,total_sessions,total_energy_kwh,avg_session_duration_minutes,avg_session_cost,weather_records_count,traffic_records_count,anomaly_count,last_session_date,created_at,updated_at
460201,Krazyfish Grille,29.81527976,-85.30442491,Port St Joe,Florida,United States,(Business Owner at Location),,Operational,,0,,,0,,,,0,0,0,,2025-10-21T02:16:01.451337,2025-10-21T02:16:01.451338
460207,"Thorntons #701 - Largo, FL",27.89478088,-82.76169098,Largo,FL,United States,BP Pulse (US),,Operational,,0,,,0,,,,0,0,0,,2025-10-21T02:16:01.451334,2025-10-21T02:16:01.451334
460208,"Thorntons #710 - Petersburg, FL",27.7851071,-82.67859983,St. Petersburg,FL,United States,BP Pulse (US),,Operational,,0,,,0,,,,0,0,0,,2025-10-21T02:16:01.451331,2025-10-21T02:16:01.451331
460209,"Flying J Travel Center #626 St. Augustine, FL",29.74952422,-81.34471615,St. Augustine,FL,United States,eVgo Network,,Operational,,0,,,0,,,,0,0,0,,2025-10-21T02:16:01.451328,2025-10-21T02:16:01.451328
460210,"Pilot Travel Center #222 Sturbridge, MA",42.06670574,-72.1072727,Sturbridge,FL,United States,eVgo Network,,Operational,,0,,,0,,,,0,0,0,,2025-10-21T02:16:01.451324,2025-10-21T02:16:01.451325
460211,"Flying J Travel Center #716 Sioux Falls, SD",43.60268229,-96.76705786,Sioux Falls,SD,United States,eVgo Network,,Operational,,0,,,0,,,,0,0,0,,2025-10-21T02:16:01.451321,2025-10-21T02:16:01.451322
460212,"Ikea - Emeryville, CA",37.82887211,-122.29199036,Emeryville,CA,United States,Electrify America,,Operational,,0,,,0,,,,0,0,0,,2025-10-21T02:16:01.451318,2025-10-21T02:16:01.451318
460213,"IKEA - Norfolk, VA",36.87480965,-76.20024172,Norfolk,VA,United States,Electrify America,,Operational,,0,,,0,,,,0,0,0,,2025-10-21T02:16:01.451314,2025-10-21T02:16:01.451315
460215,Tri-City Shopping Center,34.06477416,-117.20365898,Redlands,CA,United States,eVgo Network,,Operational,,0,,,0,,,,0,0,0,,2025-10-21T02:16:01.451311,2025-10-21T02:16:01.451311
460263,Rivian Adventure Network,47.29784887,-115.09785862,St. Regis,Montana,United States,Rivian Adventure Network,,Operational,,0,,,0,,,,0,0,0,,2025-10-21T02:16:01.451308,2025-10-21T02:16:01.451308
460318,EVgo,47.49120525,-121.7930512,North Bend,Washington,United States,eVgo Network,,Operational,,0,,,0,,,,0,0,0,,2025-10-21T02:16:01.451305,2025-10-21T02:16:01.451305
460320,"Ionna - Daly City, CA",37.69757104,-122.46384206,Daly City,CA,United States,IONNA,,Planned For Future Date,,0,,,0,,,,0,0,0,,2025-10-21T02:16:01.451301,2025-10-21T02:16:01.451302
460321,IONNA - Gilman Rechargery Relay,40.751371,-87.999554,Gilman,IL,United States,IONNA,,Operational,,0,,,0,,,,0,0,0,,2025-10-21T02:16:01.451298,2025-10-21T02:16:01.451299
460322,Ionna Daytona Beach Rechargery Relay @Wawa,29.19155152,-81.07322389,Daytona Beach,FL,United States,IONNA,,Operational,,0,,,0,,,,0,0,0,,2025-10-21T02:16:01.451295,2025-10-21T02:16:01.451295
460323,Ionna - OKC,35.46442995,-97.50196143,Oklahoma City,OK,United States,IONNA,,Planned For Future Date,,0,,,0,,,,0,0,0,,2025-10-21T02:16:01.451292,2025-10-21T02:16:01.451292
460328,Ionna Concord Rechargery,35.44325145,-80.59532961,Concord,NC,United States,IONNA,,Planned For Future Date,,0,,,0,,,,0,0,0,,2025-10-21T02:16:01.451289,2025-10-21T02:16:01.451289
460329,IONNA Seffner Rechargery,28.00780677,-82.30035151,Seffner,FL,United States,IONNA,,Planned For Future Date,,0,,,0,,,,0,0,0,,2025-10-21T02:16:01.451285,2025-10-21T02:16:01.451286
460331,"Pilot Travel Center #474 Sutton, WV",38.705166,-80.6642,Sutton,WV,United States,eVgo Network,,Operational,,0,,,0,,,,0,0,0,,2025-10-21T02:16:01.451282,2025-10-21T02:16:01.451283
460345,Central Co-op,47.29007101,-122.51639041,Tacoma,WA,United States,(Unknown Operator),,Operational,,0,,,0,,,,0,0,0,,2025-10-21T02:16:01.451279,2025-10-21T02:16:01.45128
460367,Santa Monica Station,34.027246,-118.481496,Santa Monica,CA,United States,Electrify America,,Operational,,0,,,0,,,,0,0,0,,2025-10-21T02:16:01.451276,2025-10-21T02:16:01.451276
460368,"bp pulse - Duarte, CA",34.139788,-117.960017,Duarte,CA,United States,BP Pulse (US),,Operational,,0,,,0,,,,0,0,0,,2025-10-21T02:16:01.451273,2025-10-21T02:16:01.451273
460371,"Circle K - Yuma, AZ",32.67071735,-114.52084983,Yuma,AZ,United States,Circle K,,Operational,,0,,,0,,,,0,0,0,,2025-10-21T02:16:01.45127,2025-10-21T02:16:01.45127
460372,"Pilot Travel Center #1208 Yuma, AZ",32.68634649,-114.57994208,Yuma,AZ,United States,eVgo Network,,Planned For Future Date,,0,,,0,,,,0,0,0,,2025-10-21T02:16:01.451266,2025-10-21T02:16:01.451267
460384,Mendocino Marketplace,38.46243609,-122.71766634,Santa Rosa,CA,United States,eVgo Network,,Operational,,0,,,0,,,,0,0,0,,2025-10-21T02:16:01.451263,2025-10-21T02:16:01.451263
460429,Ruby's Inn General Store - Tesla Supercharger,37.67264681,-112.15698159,Bryce Canyon City,Utah,United States,Tesla (including non-tesla),,Operational,,0,,,0,,,,0,0,0,,2025-10-21T02:16:01.45126,2025-10-21T02:16:01.45126
460430,Revel - South San Francisco,37.650626,-122.430513,South San Francisco,CA,United States,(Unknown Operator),,Planned For Future Date,,0,,,0,,,,0,0,0,,2025-10-21T02:16:01.451256,2025-10-21T02:16:01.451257
460484,L2 near Ball&Chain,25.76586362,-80.19108354,Miami,Florida,United States,(Unknown Operator),,Operational,,0,,,0,,,,0,0,0,,2025-10-21T02:16:01.451253,2025-10-21T02:16:01.451254
460485,Safeway,37.99980212,-122.1324847,Martinez,CA,United States,Electrify America,,Operational,,0,,,0,,,,0,0,0,,2025-10-21T02:16:01.45125,2025-10-21T02:16:01.45125
460503,Futurama near Ball & Chain,25.76582562,-80.22176735,Miami,Florida,United States,ChargeBay (US),,Operational,,0,,,0,,,,0,0,0,,2025-10-21T02:16:01.451247,2025-10-21T02:16:01.451247
460504,Marketplace Foods,48.21768268,-101.2976794,Minot,ND,United States,Tesla (including non-tesla),,Operational,,0,,,0,,,,0,0,0,,2025-10-21T02:16:01.451244,2025-10-21T02:16:01.451244
460505,Mass General Brigham Healthcare Center,43.21401746,-70.90285659,Dover,NH,United States,(Unknown Operator),,Operational,,0,,,0,,,,0,0,0,,2025-10-21T02:16:01.451241,2025-10-21T02:16:01.451241
460506,Wentworth-Douglass Hospital,43.21433139,-70.87372468,Dover,NH,United States,(Unknown Operator),,Operational,,0,,,0,,,,0,0,0,,2025-10-21T02:16:01.451238,2025-10-21T02:16:01.451238
460570,Eastern Market Public Lot,42.34910874,-83.04295829,Detroit,MI,United States,Red E Charge,,Operational,,0,,,0,,,,0,0,0,,2025-10-21T02:16:01.451235,2025-10-21T02:16:01.451235
460571,Exxon Utica,42.62658474,-83.01745639,Utica,MI,United States,Red E Charge,,Operational,,0,,,0,,,,0,0,0,,2025-10-21T02:16:01.451231,2025-10-21T02:16:01.451232
460606,Destination Charger,48.36543391,-114.14529999,Columbia Falls,Montana,United States,EDP,,Operational,,0,,,0,,,,0,0,0,,2025-10-21T02:16:01.451228,2025-10-21T02:16:01.451229
460632,Parsons Chevy - Eagle River,45.90313038,-89.29469754,Eagle River,WI,United States,InCharge (US),,Operational,,0,,,0,,,,0,0,0,,2025-10-21T02:16:01.451225,2025-10-21T02:16:01.451225
460671,FPL,30.51073053,-87.18375093,Pensacola,Florida,United States,(Unknown Operator),,Operational,,0,,,0,,,,0,0,0,,2025-10-21T02:16:01.451221,2025-10-21T02:16:01.451222
460673,Telsa Supercharger,42.4312555,-123.16273323,Rogue River,Oregon,United States,Tesla (including non-tesla),,Operational,,0,,,0,,,,0,0,0,,2025-10-21T02:16:01.451218,2025-10-21T02:16:01.451218
460708,Chargepoint,36.7520475,-86.1794829,Scottsville,Kentucky,United States,(Unknown Operator),,Operational,,0,,,0,,,,0,0,0,,2025-10-21T02:16:01.451215,2025-10-21T02:16:01.451215
460949,"Flying J Travel Center #737 San Antonio, TX",29.44599025,-98.36098899,San Antonio,TX,United States,eVgo Network,,Operational,,0,,,0,,,,0,0,0,,2025-10-21T02:16:01.451211,2025-10-21T02:16:01.451212
460953,"Flying J Travel Center #690 Lordsburg, NM",32.34177939,-108.67760606,Lordsburg,NM,United States,eVgo Network,,Operational,,0,,,0,,,,0,0,0,,2025-10-21T02:16:01.451208,2025-10-21T02:16:01.451208
460954,"Flying J Travel Center #671 Matthews, MO",36.7602601,-89.54037352,Matthews,MO,United States,eVgo Network,,Operational,,0,,,0,,,,0,0,0,,2025-10-21T02:16:01.451205,2025-10-21T02:16:01.451205
460955,"Flying J Travel Center #572 Williams, IA",42.47054168,-93.57198536,Williams,IA,United States,eVgo Network,,Operational,,0,,,0,,,,0,0,0,,2025-10-21T02:16:01.451202,2025-10-21T02:16:01.451202
460956,"Pilot Travel Center #368 Decatur, IL",39.90728707,-88.8961106,Decatur,IL,United States,eVgo Network,,Operational,,0,,,0,,,,0,0,0,,2025-10-21T02:16:01.451198,2025-10-21T02:16:01.451199
460957,"Flying J Travel Center #489 Grand Forks, ND",47.88805211,-97.09235312,Grand Forks,ND,United States,eVgo Network,,Operational,,0,,,0,,,,0,0,0,,2025-10-21T02:16:01.451195,2025-10-21T02:16:01.451196
460958,"Pilot Travel Center #1225 Mascoutah, IL",38.55573984,-89.80639259,Mascoutah,IL,United States,eVgo Network,,Operational,,0,,,0,,,,0,0,0,,2025-10-21T02:16:01.451192,2025-10-21T02:16:01.451192
460959,"Thorntons #327 - Bellwood, IL",41.8722861,-87.86239501,Bellwood,IL,United States,BP Pulse (US),,Operational,,0,,,0,,,,0,0,0,,2025-10-21T02:16:01.451189,2025-10-21T02:16:01.451189
460969,EVgo - SF SOMA,37.7769255,-122.40419731,San Francisco,CA,United States,eVgo Network,,Operational,,0,,,0,,,,0,0,0,,2025-10-21T02:16:01.451186,2025-10-21T02:16:01.451186
461048,Mitra EV DCFC - Ford Commercial,37.415328,-122.076575,Sacramento,CA,United States,(Unknown Operator),,Operational,,0,,,0,,,,0,0,0,,2025-10-21T02:16:01.451183,2025-10-21T02:16:01.451183
461049,Mitra EV DCFC - Aztec Solar,38.60760033,-121.26022187,Rancho Cordova,CA,United States,(Unknown Operator),,Operational,,0,,,0,,,,0,0,0,,2025-10-21T02:16:01.451179,2025-10-21T02:16:01.45118
461050,Mitra EV DCFC - Sierra Pacific,38.609349,-121.259377,Rancho Cordova,CA,United States,(Unknown Operator),,Operational,,0,,,0,,,,2,0,0,,2025-10-21T02:16:01.451176,2025-10-21T02:16:01.451177
461073,Fairfield by Marriott Inn & Suites Houston Brookhollow,29.83692,-95.484585,Houston,TX,United States,Tesla (including non-tesla),,Operational,,0,,,0,,,,2,0,1,,2025-10-21T02:16:01.451173,2025-10-21T02:16:01.451174
461130,TownePlace Suites by Marriott Houston Northwest/Beltway 8,29.90245,-95.544401,Houston,TX,United States,Tesla (including non-tesla),,Operational,,0,,,0,,,,2,0,1,,2025-10-21T02:16:01.45117,2025-10-21T02:16:01.45117
461135,Marathon,43.00643564,-85.68835797,Grand Rapids,MI,United States,Red E Charge,,Operational,,0,,,0,,,,2,0,0,,2025-10-21T02:16:01.451167,2025-10-21T02:16:01.451167
461155,Key Chrysler Dodge Jeep Ram,43.3155252,-70.99527714,Rochester,New Hampshire,United States,(Unknown Operator),,Partly Operational (Mixed),,0,,,0,,,,2,0,0,,2025-10-21T02:16:01.451164,2025-10-21T02:16:01.451164
461156,Key GMC of Rochester,43.31462844,-70.99564133,Rochester,New Hampshire,United States,InCharge (US),,Operational,,0,,,0,,,,2,0,0,,2025-10-21T02:16:01.45116,2025-10-21T02:16:01.451161
461157,University Place Library,47.22577302,-122.53568884,University Place,Washington,United States,(Unknown Operator),,Operational,,0,,,0,,,,2,0,0,,2025-10-21T02:16:01.451157,2025-10-21T02:16:01.451157
461164,Clawson Shopping Center,42.53229695,-83.16402908,Clawson,MI,United States,EVGateway,,Operational,,0,,,0,,,,2,0,0,,2025-10-21T02:16:01.451154,2025-10-21T02:16:01.451154
461165,Heilmann Community Center,42.44076244,-82.96274857,Detroit,MI,United States,EV Connect,,Operational,,0,,,0,,,,2,0,0,,2025-10-21T02:16:01.45115,2025-10-21T02:16:01.451151
461166,Gladwin City Hall,43.98144185,-84.4976514,Gladwin,MI,United States,Red E Charge,,Operational,,0,,,0,,,,2,0,0,,2025-10-21T02:16:01.451147,2025-10-21T02:16:01.451147
461167,Pats Food Freeland,43.52019243,-84.11980871,Freeland,MI,United States,Red E Charge,,Operational,,0,,,0,,,,2,0,0,,2025-10-21T02:16:01.451144,2025-10-21T02:16:01.451144
461170,Hamilton Market St,39.40063825,-84.5627713,Hamilton,OH,United States,ChargePoint,,Operational,,0,,,0,,,,2,0,0,,2025-10-21T02:16:01.451141,2025-10-21T02:16:01.451141
461171,Hamilton CNG Filling Station,39.37427666,-84.54853875,Hamilton,OH,United States,ChargePoint,,Operational,,0,,,0,,,,2,0,0,,2025-10-21T02:16:01.451138,2025-10-21T02:16:01.451138
461251,Sunshine Gardens,37.66164472,-122.43944326,South San Francisco,CA,United States,(Unknown Operator),,Planned For Future Date,,0,,,0,,,,2,0,0,,2025-10-21T02:16:01.451134,2025-10-21T02:16:01.451135
461252,D & 3rd Street Curbside,38.58713467,-121.51062258,West Sacramento,CA,United States,ChargePoint,,Planned For Future Date,,0,,,0,,,,2,0,0,,2025-10-21T02:16:01.451131,2025-10-21T02:16:01.451131
461275,Goodwill,44.93859995,-93.34792957,St. Louis Park,MN,United States,(Unknown Operator),,Operational,,0,,,0,,,,2,0,0,,2025-10-21T02:16:01.451128,2025-10-21T02:16:01.451128
461307,Fas Mart,42.98939748,-86.19357964,Grand Haven,MI,United States,Red E Charge,,Operational,,0,,,0,,,,2,0,0,,2025-10-21T02:16:01.451125,2025-10-21T02:16:01.451125
461370,Miller Hill Super One,46.80974807,-92.17022785,Duluth,MN,United States,ZEF Energy,,Operational,,0,,,0,,,,2,0,1,,2025-10-21T02:16:01.451121,2025-10-21T02:16:01.451121
461511,Sleep Inn & Suites Monroe - Woodbury,41.35714173,-74.195866,Monroe,NY,United States,Tesla (including non-tesla),,Operational,,0,,,0,,,,2,0,0,,2025-10-21T02:16:01.451118,2025-10-21T02:16:01.451118
461541,Fox Kia South,42.91289485,-85.56573258,Grand Rapids,michigan,United States,ChargePoint,,Operational,,0,,,0,,,,2,0,0,,2025-10-21T02:16:01.451115,2025-10-21T02:16:01.451115
461543,Garcia Bend Park,38.479037,-121.54283431,Sacramento,CA,United States,ChargePoint,,Operational,,0,,,0,,,,2,0,0,,2025-10-21T02:16:01.451112,2025-10-21T02:16:01.451112
461546,"Pilot Travel Center #1051 Iowa, LA",30.25353893,-93.01454131,Iowa,LA,United States,eVgo Network,,Operational,,0,,,0,,,,2,0,1,,2025-10-21T02:16:01.451109,2025-10-21T02:16:01.451109
461547,"Pilot Travel Center #1047 Jacksonville, FL",30.37167954,-81.7646687,Jacksonville,FL,United States,eVgo Network,,Operational,,0,,,0,,,,2,0,1,,2025-10-21T02:16:01.451105,2025-10-21T02:16:01.451106
461548,"Pilot Travel Center #374 Marianna, FL",30.72521949,-85.18655441,Marianna,FL,United States,eVgo Network,,Operational,,0,,,0,,,,2,0,1,,2025-10-21T02:16:01.451102,2025-10-21T02:16:01.451103
461549,"ONE9 Travel Center #7937 Mcleansville, NC",36.06035414,-79.66262588,Mcleansville,NC,United States,eVgo Network,,Operational,,0,,,0,,,,2,0,0,,2025-10-21T02:16:01.451099,2025-10-21T02:16:01.451099
461550,"Flying J Travel Center #706 Tulsa, OK",36.16147782,-95.83201225,Tulsa,OK,United States,eVgo Network,,Operational,,0,,,0,,,,2,0,0,,2025-10-21T02:16:01.451096,2025-10-21T02:16:01.451096
461551,Berkeley Bowl (West),37.85387117,-122.29068218,Berkeley,CA,United States,Electrify America,,Operational,,0,,,0,,,,2,0,0,,2025-10-21T02:16:01.451092,2025-10-21T02:16:01.451093
461553,Ventura County Credit Union,34.26455723,-119.21060702,Ventura,CA,United States,Electrify America,,Operational,,0,,,0,,,,2,0,1,,2025-10-21T02:16:01.451089,2025-10-21T02:16:01.45109
461554,The Bite Tumalo,44.14711145,-121.33133899,Tumalo,OR,United States,Rivian Adventure Network,,Operational,,0,,,0,,,,2,0,0,,2025-10-21T02:16:01.451086,2025-10-21T02:16:01.451086
461627,"T/A Travel Center #0057 - Redding, CA",40.5053427,-122.33454995,Redding,CA,United States,BP Pulse (US),,Planned For Future Date,,0,,,0,,,,2,0,0,,2025-10-21T02:16:01.451083,2025-10-21T02:16:01.451083
461628,Petro Corning #309,39.90589207,-122.1972271,Corning,CA,United States,BP Pulse (US),,Planned For Future Date,,0,,,0,,,,2,0,1,,2025-10-21T02:16:01.45108,2025-10-21T02:16:01.45108
461629,In-N-Out Burger - Redding,40.58538871,-122.34905976,Redding,CA,United States,Mercedes-Benz High-Power Charging (US),,Planned For Future Date,,0,,,0,,,,2,0,0,,2025-10-21T02:16:01.451076,2025-10-21T02:16:01.451077
461631,"Pilot Travel Center #1019 - Orland, CA",39.75124799,-122.20874577,Orland,CA,United States,eVgo Network,,Operational,,0,,,0,,,,2,0,0,,2025-10-21T02:16:01.451073,2025-10-21T02:16:01.451073
461632,"Ionna - Willows, CA",39.52355562,-122.21196535,Williows,CA,United States,IONNA,,Planned For Future Date,,0,,,0,,,,2,0,0,,2025-10-21T02:16:01.45107,2025-10-21T02:16:01.45107
461715,BP Express Stop,42.26772442,-84.45320382,Jackson,MI,United States,Red E Charge,,Operational,,0,,,0,,,,2,0,0,,2025-10-21T02:16:01.451066,2025-10-21T02:16:01.451067
461733,Walmart,35.47023611,-95.53572033,Checotah,OK,United States,(Unknown Operator),,Operational,,0,,,0,,,,2,0,1,,2025-10-21T02:16:01.451063,2025-10-21T02:16:01.451064
461744,Sunset Pointe,38.8112445,-121.28523913,Rocklin,CA,United States,eVgo Network,,Operational,,0,,,0,,,,2,0,0,,2025-10-21T02:16:01.45106,2025-10-21T02:16:01.45106
461750,Speedy Q,42.72034242,-82.73231597,New Baltimore,MI,United States,Red E Charge,,Operational,,0,,,0,,,,2,0,0,,2025-10-21T02:16:01.451057,2025-10-21T02:16:01.451057
461756,"Laguna Blvd, Elk Grove, CA",38.42294935,-121.41889587,Elk Grove,CA,United States,eVgo Network,,Operational,,0,,,0,,,,2,0,0,,2025-10-21T02:16:01.451053,2025-10-21T02:16:01.451054
461757,Dutch Bros Coffee,38.5631774,-121.38113376,Sacramento,CA,United States,eVgo Network,,Operational,,0,,,0,,,,2,0,0,,2025-10-21T02:16:01.45105,2025-10-21T02:16:01.45105
461758,Bradville Square Shopping Center,38.55659688,-121.33426303,Sacramento,CA,United States,eVgo Network,,Operational,,0,,,0,,,,2,0,0,,2025-10-21T02:16:01.451046,2025-10-21T02:16:01.451046
461813,Culver's,45.63291495,-89.43208425,Rhinelander,WI,United States,ChargePoint,,Operational,,0,,,0,,,,2,0,0,,2025-10-21T02:16:01.451042,2025-10-21T02:16:01.451042
462098,Wawa Supercharger,38.13392236,-79.04433708,Staunton,VA,United States,Tesla (including non-tesla),,Operational,,0,,,0,,,,2,0,1,,2025-10-21T02:16:01.451037,2025-10-21T02:16:01.451037
462111,Shell - Novi,42.49111094,-83.51430654,Novi,MI,United States,Red E Charge,,Operational,,0,,,0,,,,2,0,0,,2025-10-21T02:16:01.451026,2025-10-21T02:16:01.451026
462127,Kimco-charlotte,35.16030907,-80.87590677,Charlotte,NC,United States,(Unknown Operator),,Operational,,0,,,0,,,,2,0,0,,2025-10-21T02:16:01.451021,2025-10-21T02:16:01.451021
462225,IONNA Beaver Rechargery Relay,38.29227291,-112.64654849,Beaver,UT,United States,IONNA,,Operational,,0,,,0,,,,2,0,0,,2025-10-21T02:16:01.451016,2025-10-21T02:16:01.451016
462226,IONNA Raleigh Rechargery Relay,35.84159568,-78.57751219,Raleigh,NC,United States,IONNA,,Operational,,0,,,0,,,,2,0,0,,2025-10-21T02:16:01.45101,2025-10-21T02:16:01.451011
462227,IONNA Middletown Rechargery Relay,39.43728879,-77.52915717,Middletown,MD,United States,IONNA,,Operational,,0,,,0,,,,2,0,0,,2025-10-21T02:16:01.451005,2025-10-21T02:16:01.451005
462228,IONNA Kutztown Rechargery @ Sheetz,40.58243639,-75.708866,Kutztown,PA,United States,IONNA,,Operational,,0,,,0,,,,2,0,0,,2025-10-21T02:16:01.450999,2025-10-21T02:16:01.451
462269,Ionna Rechargery,38.74407396,-121.2778181,Roseville,CA,United States,IONNA,,Planned For Future Date,,0,,,0,,,,2,0,0,,2025-10-21T02:16:01.450991,2025-10-21T02:16:01.450993
469252,Lenexa Old Town Activity Center,38.95898846,-94.74154538,Lenexa,KS,United States,Tesla (including non-tesla),,Operational,,0,,,0,,,,18,0,0,,2025-12-10T07:42:59.245253,2025-12-10T07:42:59.245253
469253,Lenexa Justice Center,38.95489401,-94.78549242,Lenexa,KS,United States,Tesla (including non-tesla),,Operational,,0,,,0,,,,18,0,0,,2025-12-10T07:42:59.24525,2025-12-10T07:42:59.24525
469374,Freewire Charging Station,39.98548248,-83.00390753,Columbus,OH,United States,(Unknown Operator),,Operational,,0,,,0,,,,18,0,0,,2025-12-10T07:42:59.245246,2025-12-10T07:42:59.245247
469399,Elkhorn Shopping Center,38.69461723,-121.3611978,Sacramento,CA,United States,eVgo Network,,Planned For Future Date,,0,,,0,,,,18,0,0,,2025-12-10T07:42:59.245243,2025-12-10T07:42:59.245243
469401,Dutch Bros,38.47561181,-121.4185743,Sacramento,CA,United States,IONNA,,Planned For Future Date,,0,,,0,,,,18,0,0,,2025-12-10T07:42:59.245239,2025-12-10T07:42:59.24524
469403,1122 Frankford grand,37.415328,-122.076575,fishtown,PA,United States,(Unknown Operator),,Operational,,0,,,0,,,,18,0,0,,2025-12-10T07:42:59.245236,2025-12-10T07:42:59.245236
469430,Bernal Plaza,37.23344502,-121.77467103,San Jose,CA,United States,eVgo Network,,Operational,,0,,,0,,,,18,0,0,,2025-12-10T07:42:59.245232,2025-12-10T07:42:59.245232
469455,Polaris Bergland Township,46.59222416,-89.57231251,Bergland,MI,United States,(Unknown Operator),,Operational,,0,,,0,,,,18,0,18,,2025-12-10T07:42:59.245228,2025-12-10T07:42:59.245229
469499,Renewable Grid - Glen Cove Fast Charging,40.86583398,-73.63155013,Glen Cove,NY,United States,(Unknown Operator),,Operational,,0,,,0,,,,18,0,0,,2025-12-10T07:42:59.245225,2025-12-10T07:42:59.245225
469611,Dennys,47.43566569,-122.29675732,Seatac,WA,United States,Electric Era (US),,Planned For Future Date,,0,,,0,,,,18,0,14,,2025-12-10T07:42:59.245221,2025-12-10T07:42:59.245221
469612,"Dennys - Auburn, WA",47.30259018,-122.22622845,Auburn,WA,United States,Electric Era (US),,Planned For Future Date,,0,,,0,,,,18,0,14,,2025-12-10T07:42:59.245217,2025-12-10T07:42:59.245218
469741,"Pilot Travel Center #63 Piedmont, SC",34.71029947,-82.49809244,Piedmont,SC,United States,eVgo Network,,Operational,,0,,,0,,,,18,0,0,,2025-12-10T07:42:59.245214,2025-12-10T07:42:59.245214
469743,"Pilot Travel Center #4642 Toms Brook, VA",38.96681936,-78.43859993,Toms Brook,VA,United States,eVgo Network,,Operational,,0,,,0,,,,18,0,0,,2025-12-10T07:42:59.24521,2025-12-10T07:42:59.24521
469745,"Flying J Travel Center #875 Elkton, MD",39.63775037,-75.80665298,Elkton,MD,United States,eVgo Network,,Operational,,0,,,0,,,,18,0,0,,2025-12-10T07:42:59.245205,2025-12-10T07:42:59.245206
469746,"Pilot Travel Center #281 Girard, OH",41.14061926,-80.71873263,Girard,OH,United States,eVgo Network,,Operational,,0,,,0,,,,18,0,0,,2025-12-10T07:42:59.245201,2025-12-10T07:42:59.245202
469747,"Flying J Travel Center #692 Wells, NV",41.09733192,-114.95841899,Wells,NV,United States,eVgo Network,,Operational,,0,,,0,,,,18,0,0,,2025-12-10T07:42:59.245198,2025-12-10T07:42:59.245198
469748,Ionna Largo Rechargery @ Wawa,27.92834267,-82.7883568,Largo,FL,United States,IONNA,,Operational,,0,,,0,,,,18,0,4,,2025-12-10T07:42:59.245194,2025-12-10T07:42:59.245194
469749,"Ionna Reading, MA Rechargery Relay",42.51828198,-71.09510054,Reading,MA,United States,IONNA,,Operational,,0,,,0,,,,18,0,0,,2025-12-10T07:42:59.24519,2025-12-10T07:42:59.245191
469752,"Ionna Carlin, NV Rechargery Relay @ Ridley’s Market",40.71873861,-116.10837613,Carlin,NV,United States,IONNA,,Operational,,0,,,0,,,,18,0,0,,2025-12-10T07:42:59.245187,2025-12-10T07:42:59.245187
469807,OUC ReCharge EV Hub at OCCC,28.43103321,-81.45316713,Orlando,FL,United States,ChargeUp (NovaCharge),,Operational,,0,,,0,,,,18,0,0,,2025-12-10T07:42:59.245182,2025-12-10T07:42:59.245183
470113,Kwik-Charge #1205,43.57533066,-89.77678452,Lake Delton,WI,United States,Kwik Charge (Kwik Trip),,Operational,,0,,,0,,,,18,0,0,,2025-12-10T07:42:59.245178,2025-12-10T07:42:59.245178
470276,"New Albany Light, Gas, and Water",34.49340373,-89.01077641,New Albany,MS,United States,Electric Era (US),,Operational,,0,,,0,,,,18,0,0,,2025-12-10T07:42:59.245174,2025-12-10T07:42:59.245174
470312,Safeway,38.01504354,-122.27200675,Hercules,CA,United States,Electrify America,,Planned For Future Date,,0,,,0,,,,18,0,0,,2025-12-10T07:42:59.245169,2025-12-10T07:42:59.245169
470314,EVolve NY Afton,42.22745527,-75.5257999,Afton,NY,United States,Electrify America,,Operational,,0,,,0,,,,18,0,4,,2025-12-10T07:42:59.245164,2025-12-10T07:42:59.245164
470357,FastTrack Market Marathon,42.25597141,-83.27277905,Taylor,MI,United States,Red E Charge,,Operational,,0,,,0,,,,18,0,0,,2025-12-10T07:42:59.245152,2025-12-10T07:42:59.245152
470498,US Highway 57,28.71659659,-100.46112918,Eagle Pass,Texas,United States,InCharge (US),,Operational,,0,,,0,,,,18,0,0,,2025-12-10T07:42:59.245147,2025-12-10T07:42:59.245147
470651,"Starbucks - Ridgefield, WA",45.81638546,-122.69037961,Ridgefield,WA,United States,Mercedes-Benz High-Power Charging (US),,Planned For Future Date,,0,,,0,,,,18,0,0,,2025-12-10T07:42:59.245141,2025-12-10T07:42:59.245141
470652,"Starbucks - Phoenix, OR",42.28021952,-122.82161296,Phoenix,OR,United States,Mercedes-Benz High-Power Charging (US),,Planned For Future Date,,0,,,0,,,,18,0,0,,2025-12-10T07:42:59.245135,2025-12-10T07:42:59.245136
470662,"Kittery Premium Outlets - Kittery, ME",43.11481461,-70.73033327,Kittery,ME,United States,Mercedes-Benz High-Power Charging (US),,Operational,,0,,,0,,,,19,0,0,,2025-12-10T07:42:59.24513,2025-12-10T07:42:59.24513
470696,Trailborn Grand Canyon,35.2520407,-112.18158956,Williams,AZ,United States,(Unknown Operator),,Operational,,0,,,0,,,,19,0,0,,2025-12-10T07:42:59.245124,2025-12-10T07:42:59.245124
470792,Fellows Creek Golf Club,42.28526676,-83.4377779,Canton,MI,United States,Volta Charging,,Operational,,0,,,0,,,,19,0,0,,2025-12-10T07:42:59.245082,2025-12-10T07:42:59.245114
