station_id,station_name,latitude,longitude,address,city,state,country,operator,network,status,access_type,pricing_info,amenities,created_at,updated_at,station_id,total_charging_points,avg_power_kw,max_power_kw,total_sessions,total_energy_kwh,avg_session_duration_minutes,avg_session_cost,weather_records_count,traffic_records_count,anomaly_count,last_session_date
462226,IONNA Raleigh Rechargery Relay,35.84159568,-78.57751219,4237 Louisburg Road,Raleigh,NC,United States,IONNA,,Operational,,None,,2025-10-21T02:16:01.45101,2025-10-21T02:16:01.451011,,0,0,0,14.0,597.75,95.35714285714286,15.176428571428572,2.0,0,0.0,2025-12-10T01:05:00.216756
462225,IONNA Beaver Rechargery Relay,38.29227291,-112.64654849,1360 300 W,Beaver,UT,United States,IONNA,,Operational,,None,,2025-10-21T02:16:01.451016,2025-10-21T02:16:01.451016,,0,0,0,23.0,1153.82,109.56521739130434,14.996521739130435,2.0,0,0.0,2025-12-10T19:41:00.21729
462111,Shell - Novi,42.49111094,-83.51430654,47300 Citygate,Novi,MI,United States,Red E Charge,,Operational,,0.50/kWh,,2025-10-21T02:16:01.451026,2025-10-21T02:16:01.451026,,0,0,0,19.0,825.47,86.05263157894737,14.706842105263158,2.0,0,0.0,2025-12-10T22:23:00.217803
462098,Wawa Supercharger,38.13392236,-79.04433708,1031 US 250,Staunton,VA,United States,Tesla (including non-tesla),,Operational,,None,,2025-10-21T02:16:01.451037,2025-10-21T02:16:01.451037,,0,0,0,22.0,1357.02,109.77272727272727,18.46409090909091,2.0,0,1.0,2025-12-10T13:47:00.218459
461813,Culver's,45.63291495,-89.43208425,620 W Kemp Street,Rhinelander,WI,United States,ChargePoint,,Operational,,None,,2025-10-21T02:16:01.451042,2025-10-21T02:16:01.451042,,0,0,0,21.0,1133.24,100.71428571428571,17.42142857142857,2.0,0,0.0,2025-12-10T17:50:00.219098
461758,Bradville Square Shopping Center,38.55659688,-121.33426303,3615 Bradshaw Road,Sacramento,CA,United States,eVgo Network,,Operational,,None,,2025-10-21T02:16:01.451046,2025-10-21T02:16:01.451046,,0,0,0,23.0,861.48,84.78260869565217,12.665652173913044,2.0,0,0.0,2025-12-10T19:32:00.219502
461757,Dutch Bros Coffee,38.5631774,-121.38113376,8732 La Riviera Drive,Sacramento,CA,United States,eVgo Network,,Operational,,None,,2025-10-21T02:16:01.45105,2025-10-21T02:16:01.45105,,0,0,0,21.0,823.44,94.28571428571429,14.040476190476191,2.0,0,0.0,2025-12-10T21:32:00.220186
461756,"Laguna Blvd, Elk Grove, CA",38.42294935,-121.41889587,7216 Laguna Blvd,Elk Grove,CA,United States,eVgo Network,,Operational,,None,,2025-10-21T02:16:01.451053,2025-10-21T02:16:01.451054,,0,0,0,15.0,652.88,88.0,14.658,2.0,0,0.0,2025-12-10T21:54:00.220715
461750,Speedy Q,42.72034242,-82.73231597,37750 26 Mile Rd,New Baltimore,MI,United States,Red E Charge,,Operational,,None,,2025-10-21T02:16:01.451057,2025-10-21T02:16:01.451057,,0,0,0,17.0,734.66,91.76470588235294,14.321764705882353,2.0,0,0.0,2025-12-10T00:35:00.220988
461744,Sunset Pointe,38.8112445,-121.28523913,1240 Sunset Blvd,Rocklin,CA,United States,eVgo Network,,Operational,,None,,2025-10-21T02:16:01.45106,2025-10-21T02:16:01.45106,,0,0,0,24.0,985.24,88.125,13.192916666666667,2.0,0,0.0,2025-12-10T19:45:00.221296
461733,Walmart,35.47023611,-95.53572033,131 Paul Carr Dr,Checotah,OK,United States,(Unknown Operator),,Operational,,$0.53/kWh,"Access Key Required, Membership Required",2025-10-21T02:16:01.451063,2025-10-21T02:16:01.451064,,0,0,0,19.0,787.92,75.78947368421052,14.26,2.0,0,1.0,2025-12-10T21:48:00.221858
461715,BP Express Stop,42.26772442,-84.45320382,2500 Airport Rd,Jackson,MI,United States,Red E Charge,,Operational,,None,,2025-10-21T02:16:01.451066,2025-10-21T02:16:01.451067,,0,0,0,20.0,732.03,79.5,13.441999999999998,2.0,0,0.0,2025-12-10T19:04:00.222588
461632,"Ionna - Willows, CA",39.52355562,-122.21196535,246 North Humboldt,Williows,CA,United States,IONNA,,Planned For Future Date,,None,"Access Key Required, Membership Required",2025-10-21T02:16:01.45107,2025-10-21T02:16:01.45107,,0,0,0,20.0,852.4399999999999,89.25,13.8215,2.0,0,0.0,2025-12-10T17:06:00.223847
461631,"Pilot Travel Center #1019 - Orland, CA",39.75124799,-122.20874577,4444 Commerce Lane,Orland,CA,United States,eVgo Network,,Operational,,None,,2025-10-21T02:16:01.451073,2025-10-21T02:16:01.451073,,0,0,0,16.0,735.14,90.0,13.75375,2.0,0,0.0,2025-12-10T19:56:00.224242
461629,In-N-Out Burger - Redding,40.58538871,-122.34905976,1175 Dana Drive,Redding,CA,United States,Mercedes-Benz High-Power Charging (US),,Planned For Future Date,,None,"Access Key Required, Membership Required",2025-10-21T02:16:01.451076,2025-10-21T02:16:01.451077,,0,0,0,18.0,863.4200000000001,102.5,16.509444444444444,2.0,0,0.0,2025-12-10T02:09:00.224599
461628,Petro Corning #309,39.90589207,-122.1972271,2151 South Avenue,Corning,CA,United States,BP Pulse (US),,Planned For Future Date,,None,"Access Key Required, Membership Required",2025-10-21T02:16:01.45108,2025-10-21T02:16:01.45108,,0,0,0,20.0,782.48,75.0,13.0375,2.0,0,1.0,2025-12-10T14:17:00.225024
461627,"T/A Travel Center #0057 - Redding, CA",40.5053427,-122.33454995,19483 Knighton Road,Redding,CA,United States,BP Pulse (US),,Planned For Future Date,,None,"Access Key Required, Membership Required",2025-10-21T02:16:01.451083,2025-10-21T02:16:01.451083,,0,0,0,16.0,559.0799999999999,75.9375,9.153125,2.0,0,0.0,2025-12-10T22:45:00.225854
461554,The Bite Tumalo,44.14711145,-121.33133899,19860 7th Street,Tumalo,OR,United States,Rivian Adventure Network,,Operational,,None,,2025-10-21T02:16:01.451086,2025-10-21T02:16:01.451086,,0,0,0,25.0,1072.21,81.6,14.0172,2.0,0,0.0,2025-12-10T20:44:00.226426
461553,Ventura County Credit Union,34.26455723,-119.21060702,6026 Telephone Road,Ventura,CA,United States,Electrify America,,Operational,,None,,2025-10-21T02:16:01.451089,2025-10-21T02:16:01.45109,,0,0,0,22.0,854.79,89.31818181818181,12.261818181818182,2.0,0,1.0,2025-12-10T17:53:00.227321
461551,Berkeley Bowl (West),37.85387117,-122.29068218,920 Heinz Ave,Berkeley,CA,United States,Electrify America,,Operational,,None,,2025-10-21T02:16:01.451092,2025-10-21T02:16:01.451093,,0,0,0,20.0,891.91,80.25,11.3595,2.0,0,0.0,2025-12-10T23:45:00.227997
461550,"Flying J Travel Center #706 Tulsa, OK",36.16147782,-95.83201225,121 North 129 E Ave,Tulsa,OK,United States,eVgo Network,,Operational,,None,,2025-10-21T02:16:01.451096,2025-10-21T02:16:01.451096,,0,0,0,18.0,564.3100000000001,85.0,10.205,2.0,0,0.0,2025-12-10T12:24:00.229116
461549,"ONE9 Travel Center #7937 Mcleansville, NC",36.06035414,-79.66262588,907 Knox Road,Mcleansville,NC,United States,eVgo Network,,Operational,,None,,2025-10-21T02:16:01.451099,2025-10-21T02:16:01.451099,,0,0,0,29.0,1377.99,84.82758620689656,15.17103448275862,2.0,0,0.0,2025-12-10T21:40:00.231063
461548,"Pilot Travel Center #374 Marianna, FL",30.72521949,-85.18655441,2209 Highway 71,Marianna,FL,United States,eVgo Network,,Operational,,None,,2025-10-21T02:16:01.451102,2025-10-21T02:16:01.451103,,0,0,0,19.0,808.63,87.63157894736842,15.601052631578948,2.0,0,1.0,2025-12-10T17:54:00.233481
461547,"Pilot Travel Center #1047 Jacksonville, FL",30.37167954,-81.7646687,4075 Jones Branch Road,Jacksonville,FL,United States,eVgo Network,,Operational,,None,,2025-10-21T02:16:01.451105,2025-10-21T02:16:01.451106,,0,0,0,18.0,623.6,87.5,10.382777777777777,2.0,0,1.0,2025-12-10T17:17:00.234364
461546,"Pilot Travel Center #1051 Iowa, LA",30.25353893,-93.01454131,1119 Lowe-Grout Road,Iowa,LA,United States,eVgo Network,,Operational,,None,,2025-10-21T02:16:01.451109,2025-10-21T02:16:01.451109,,0,0,0,23.0,1047.3899999999999,91.30434782608695,14.35304347826087,2.0,0,1.0,2025-12-10T17:47:00.235283
461543,Garcia Bend Park,38.479037,-121.54283431,7654 Pocket Road,Sacramento,CA,United States,ChargePoint,,Operational,,None,,2025-10-21T02:16:01.451112,2025-10-21T02:16:01.451112,,0,0,0,20.0,938.53,84.75,16.482,2.0,0,0.0,2025-12-10T20:40:00.236126
461541,Fox Kia South,42.91289485,-85.56573258,4141 28th St,Grand Rapids,michigan,United States,ChargePoint,,Operational,,0.42 per kw,,2025-10-21T02:16:01.451115,2025-10-21T02:16:01.451115,,0,0,0,24.0,1427.66,103.75,19.717499999999998,2.0,0,0.0,2025-12-10T14:57:00.237241
461511,Sleep Inn & Suites Monroe - Woodbury,41.35714173,-74.195866,One Sleep Way,Monroe,NY,United States,Tesla (including non-tesla),,Operational,,$0.39 per kWh,,2025-10-21T02:16:01.451118,2025-10-21T02:16:01.451118,,0,0,0,26.0,1174.29,98.07692307692308,16.325384615384618,2.0,0,0.0,2025-12-10T08:49:00.238117
461370,Miller Hill Super One,46.80974807,-92.17022785,5401 Burning Tree Road,Duluth,MN,United States,ZEF Energy,,Operational,,$0.162-0.574/kWh,,2025-10-21T02:16:01.451121,2025-10-21T02:16:01.451121,,0,0,0,19.0,919.05,109.73684210526316,13.470526315789474,2.0,0,1.0,2025-12-10T21:10:00.239126
461307,Fas Mart,42.98939748,-86.19357964,12160 Olive Rd,Grand Haven,MI,United States,Red E Charge,,Operational,,None,,2025-10-21T02:16:01.451125,2025-10-21T02:16:01.451125,,0,0,0,21.0,799.53,76.42857142857143,11.658095238095237,2.0,0,0.0,2025-12-10T19:46:00.239797
461275,Goodwill,44.93859995,-93.34792957,3575 State Highway No 100 S,St. Louis Park,MN,United States,(Unknown Operator),,Operational,,Free,,2025-10-21T02:16:01.451128,2025-10-21T02:16:01.451128,,0,0,0,23.0,928.12,91.30434782608695,13.17478260869565,2.0,0,0.0,2025-12-10T23:10:00.240547
461252,D & 3rd Street Curbside,38.58713467,-121.51062258,301 D Street,West Sacramento,CA,United States,ChargePoint,,Planned For Future Date,,None,,2025-10-21T02:16:01.451131,2025-10-21T02:16:01.451131,,0,0,0,21.0,627.75,73.57142857142857,8.046666666666667,2.0,0,0.0,2025-12-10T15:58:00.244308
461251,Sunshine Gardens,37.66164472,-122.43944326,1170 Mission Road,South San Francisco,CA,United States,(Unknown Operator),,Planned For Future Date,,None,,2025-10-21T02:16:01.451134,2025-10-21T02:16:01.451135,,0,0,0,23.0,1013.5,95.21739130434783,13.337391304347825,2.0,0,0.0,2025-12-10T17:34:00.244733
461171,Hamilton CNG Filling Station,39.37427666,-84.54853875,2216 South Erie Boulevard,Hamilton,OH,United States,ChargePoint,,Operational,,None,,2025-10-21T02:16:01.451138,2025-10-21T02:16:01.451138,,0,0,0,24.0,934.76,84.375,14.195833333333333,2.0,0,0.0,2025-12-10T18:41:00.245421
461170,Hamilton Market St,39.40063825,-84.5627713,141 Market St,Hamilton,OH,United States,ChargePoint,,Operational,,None,,2025-10-21T02:16:01.451141,2025-10-21T02:16:01.451141,,0,0,0,27.0,1141.72,90.55555555555556,13.496296296296297,2.0,0,0.0,2025-12-10T19:09:00.246169
461167,Pats Food Freeland,43.52019243,-84.11980871,7620 Midland Rd,Freeland,MI,United States,Red E Charge,,Operational,,None,,2025-10-21T02:16:01.451144,2025-10-21T02:16:01.451144,,0,0,0,21.0,863.8000000000001,91.42857142857143,15.144285714285713,2.0,0,0.0,2025-12-10T19:55:00.24727
461166,Gladwin City Hall,43.98144185,-84.4976514,1000 W Cedar Ave,Gladwin,MI,United States,Red E Charge,,Operational,,None,,2025-10-21T02:16:01.451147,2025-10-21T02:16:01.451147,,0,0,0,18.0,826.35,90.0,15.64611111111111,2.0,0,0.0,2025-12-10T15:46:00.247961
461165,Heilmann Community Center,42.44076244,-82.96274857,19601 Brock Ave,Detroit,MI,United States,EV Connect,,Operational,,None,,2025-10-21T02:16:01.45115,2025-10-21T02:16:01.451151,,0,0,0,22.0,1155.76,96.13636363636364,12.913636363636364,2.0,0,0.0,2025-12-10T23:54:00.248725
461164,Clawson Shopping Center,42.53229695,-83.16402908,1219 W 14 Mile Rd,Clawson,MI,United States,EVGateway,,Operational,,$0.42/kWh,,2025-10-21T02:16:01.451154,2025-10-21T02:16:01.451154,,0,0,0,26.0,1043.1200000000001,90.57692307692308,14.558461538461538,2.0,0,0.0,2025-12-10T18:14:00.249219
461157,University Place Library,47.22577302,-122.53568884,3610 Drexler Drive W.,University Place,Washington,United States,(Unknown Operator),,Operational,,0.15,,2025-10-21T02:16:01.451157,2025-10-21T02:16:01.451157,,0,0,0,15.0,647.52,88.0,12.490666666666668,2.0,0,0.0,2025-12-10T08:17:00.249989
462228,IONNA Kutztown Rechargery @ Sheetz,40.58243639,-75.708866,2298 Golden Key Road,Kutztown,PA,United States,IONNA,,Operational,,None,,2025-10-21T02:16:01.450999,2025-10-21T02:16:01.451,,0,0,0,15.0,705.59,112.0,17.3,2.0,0,0.0,2025-12-10T17:30:00.250414
462227,IONNA Middletown Rechargery Relay,39.43728879,-77.52915717,300 Middletown Parkway,Middletown,MD,United States,IONNA,,Operational,,None,,2025-10-21T02:16:01.451005,2025-10-21T02:16:01.451005,,0,0,0,22.0,890.88,83.86363636363636,11.104090909090909,2.0,0,0.0,2025-12-10T18:48:00.250851
461073,Fairfield by Marriott Inn & Suites Houston Brookhollow,29.83692,-95.484585,4850 Federal Plaza Dr,Houston,TX,United States,Tesla (including non-tesla),,Operational,,0.35 cents/kw,"Access Key Required, Membership Required",2025-10-21T02:16:01.451173,2025-10-21T02:16:01.451174,,0,0,0,16.0,862.61,87.1875,19.224375000000002,2.0,0,1.0,2025-12-10T14:08:00.251363
461050,Mitra EV DCFC - Sierra Pacific,38.609349,-121.259377,2550 Mercantile Dr A,Rancho Cordova,CA,United States,(Unknown Operator),,Operational,,None,Pay at Location,2025-10-21T02:16:01.451176,2025-10-21T02:16:01.451177,,0,0,0,8.0,370.28999999999996,93.75,9.835,2.0,0,0.0,2025-12-10T23:37:00.25171
461049,Mitra EV DCFC - Aztec Solar,38.60760033,-121.26022187,11370 Trade Center Dr,Rancho Cordova,CA,United States,(Unknown Operator),,Operational,,$0.60 / kWh,,2025-10-21T02:16:01.451179,2025-10-21T02:16:01.45118,,0,0,0,0.0,0.0,0.0,0.0,0.0,0,0.0,
461048,Mitra EV DCFC - Ford Commercial,37.415328,-122.076575,525 N 16th St,Sacramento,CA,United States,(Unknown Operator),,Operational,,$0.60 / kWh,,2025-10-21T02:16:01.451183,2025-10-21T02:16:01.451183,,0,0,0,0.0,0.0,0.0,0.0,0.0,0,0.0,
460969,EVgo - SF SOMA,37.7769255,-122.40419731,1001 Harrison Street,San Francisco,CA,United States,eVgo Network,,Operational,,None,,2025-10-21T02:16:01.451186,2025-10-21T02:16:01.451186,,0,0,0,0.0,0.0,0.0,0.0,0.0,0,0.0,
460959,"Thorntons #327 - Bellwood, IL",41.8722861,-87.86239501,1125 South 25th Avenue,Bellwood,IL,United States,BP Pulse (US),,Operational,,None,,2025-10-21T02:16:01.451189,2025-10-21T02:16:01.451189,,0,0,0,0.0,0.0,0.0,0.0,0.0,0,0.0,
460958,"Pilot Travel Center #1225 Mascoutah, IL",38.55573984,-89.80639259,9810 Perrin Road,Mascoutah,IL,United States,eVgo Network,,Operational,,None,,2025-10-21T02:16:01.451192,2025-10-21T02:16:01.451192,,0,0,0,0.0,0.0,0.0,0.0,0.0,0,0.0,
460957,"Flying J Travel Center #489 Grand Forks, ND",47.88805211,-97.09235312,4401 32nd Avenue South,Grand Forks,ND,United States,eVgo Network,,Operational,,None,,2025-10-21T02:16:01.451195,2025-10-21T02:16:01.451196,,0,0,0,0.0,0.0,0.0,0.0,0.0,0,0.0,
460956,"Pilot Travel Center #368 Decatur, IL",39.90728707,-88.8961106,4030 East Boyd Road,Decatur,IL,United States,eVgo Network,,Operational,,None,,2025-10-21T02:16:01.451198,2025-10-21T02:16:01.451199,,0,0,0,0.0,0.0,0.0,0.0,0.0,0,0.0,
460955,"Flying J Travel Center #572 Williams, IA",42.47054168,-93.57198536,3040 220th Street,Williams,IA,United States,eVgo Network,,Operational,,None,,2025-10-21T02:16:01.451202,2025-10-21T02:16:01.451202,,0,0,0,0.0,0.0,0.0,0.0,0.0,0,0.0,
460954,"Flying J Travel Center #671 Matthews, MO",36.7602601,-89.54037352,703 State Hwy 80,Matthews,MO,United States,eVgo Network,,Operational,,None,,2025-10-21T02:16:01.451205,2025-10-21T02:16:01.451205,,0,0,0,0.0,0.0,0.0,0.0,0.0,0,0.0,
460953,"Flying J Travel Center #690 Lordsburg, NM",32.34177939,-108.67760606,11 Old Hwy 70,Lordsburg,NM,United States,eVgo Network,,Operational,,None,,2025-10-21T02:16:01.451208,2025-10-21T02:16:01.451208,,0,0,0,0.0,0.0,0.0,0.0,0.0,0,0.0,
460949,"Flying J Travel Center #737 San Antonio, TX",29.44599025,-98.36098899,1815 N Foster Road,San Antonio,TX,United States,eVgo Network,,Operational,,None,,2025-10-21T02:16:01.451211,2025-10-21T02:16:01.451212,,0,0,0,0.0,0.0,0.0,0.0,0.0,0,0.0,
460708,Chargepoint,36.7520475,-86.1794829,115 S 1st Street,Scottsville,Kentucky,United States,(Unknown Operator),,Operational,,0.42 per kw,,2025-10-21T02:16:01.451215,2025-10-21T02:16:01.451215,,0,0,0,0.0,0.0,0.0,0.0,0.0,0,0.0,
460673,Telsa Supercharger,42.4312555,-123.16273323,510 E Main St,Rogue River,Oregon,United States,Tesla (including non-tesla),,Operational,,$0.37/kWh - Tesla. $0.52/kWh - all others.,"Access Key Required, Membership Required",2025-10-21T02:16:01.451218,2025-10-21T02:16:01.451218,,0,0,0,0.0,0.0,0.0,0.0,0.0,0,0.0,
460671,FPL,30.51073053,-87.18375093,9th Ave,Pensacola,Florida,United States,(Unknown Operator),,Operational,,None,"Access Key Required, Membership Required",2025-10-21T02:16:01.451221,2025-10-21T02:16:01.451222,,0,0,0,0.0,0.0,0.0,0.0,0.0,0,0.0,
460632,Parsons Chevy - Eagle River,45.90313038,-89.29469754,5353 WI-70,Eagle River,WI,United States,InCharge (US),,Operational,,$0.41/minute,,2025-10-21T02:16:01.451225,2025-10-21T02:16:01.451225,,0,0,0,0.0,0.0,0.0,0.0,0.0,0,0.0,
460606,Destination Charger,48.36543391,-114.14529999,7343 US Highway 2E,Columbia Falls,Montana,United States,EDP,,Operational,,$0.30/kWh,,2025-10-21T02:16:01.451228,2025-10-21T02:16:01.451229,,0,0,0,0.0,0.0,0.0,0.0,0.0,0,0.0,
460571,Exxon Utica,42.62658474,-83.01745639,11335 Hall Rd,Utica,MI,United States,Red E Charge,,Operational,,None,,2025-10-21T02:16:01.451231,2025-10-21T02:16:01.451232,,0,0,0,0.0,0.0,0.0,0.0,0.0,0,0.0,
460570,Eastern Market Public Lot,42.34910874,-83.04295829,3033 Russel,Detroit,MI,United States,Red E Charge,,Operational,,None,,2025-10-21T02:16:01.451235,2025-10-21T02:16:01.451235,,0,0,0,0.0,0.0,0.0,0.0,0.0,0,0.0,
460506,Wentworth-Douglass Hospital,43.21433139,-70.87372468,789 Central Ave,Dover,NH,United States,(Unknown Operator),,Operational,,Free,,2025-10-21T02:16:01.451238,2025-10-21T02:16:01.451238,,0,0,0,0.0,0.0,0.0,0.0,0.0,0,0.0,
460505,Mass General Brigham Healthcare Center,43.21401746,-70.90285659,10 Members Way,Dover,NH,United States,(Unknown Operator),,Operational,,Free,,2025-10-21T02:16:01.451241,2025-10-21T02:16:01.451241,,0,0,0,0.0,0.0,0.0,0.0,0.0,0,0.0,
460504,Marketplace Foods,48.21768268,-101.2976794,1620 S Broadway,Minot,ND,United States,Tesla (including non-tesla),,Operational,,None,,2025-10-21T02:16:01.451244,2025-10-21T02:16:01.451244,,0,0,0,0.0,0.0,0.0,0.0,0.0,0,0.0,
460503,Futurama near Ball & Chain,25.76582562,-80.22176735,1637 SW 8th Street,Miami,Florida,United States,ChargeBay (US),,Operational,,None,Pay at Location,2025-10-21T02:16:01.451247,2025-10-21T02:16:01.451247,,0,0,0,0.0,0.0,0.0,0.0,0.0,0,0.0,
460485,Safeway,37.99980212,-122.1324847,3334 Alhambra Ave,Martinez,CA,United States,Electrify America,,Operational,,None,,2025-10-21T02:16:01.45125,2025-10-21T02:16:01.45125,,0,0,0,0.0,0.0,0.0,0.0,0.0,0,0.0,
460484,L2 near Ball&Chain,25.76586362,-80.19108354,1641 SW 8th Street,Miami,Florida,United States,(Unknown Operator),,Operational,,None,Pay at Location,2025-10-21T02:16:01.451253,2025-10-21T02:16:01.451254,,0,0,0,0.0,0.0,0.0,0.0,0.0,0,0.0,
460430,Revel - South San Francisco,37.650626,-122.430513,710 El Camino Real,South San Francisco,CA,United States,(Unknown Operator),,Planned For Future Date,,None,,2025-10-21T02:16:01.451256,2025-10-21T02:16:01.451257,,0,0,0,0.0,0.0,0.0,0.0,0.0,0,0.0,
460429,Ruby's Inn General Store - Tesla Supercharger,37.67264681,-112.15698159,26 S Main St,Bryce Canyon City,Utah,United States,Tesla (including non-tesla),,Operational,,None,"Access Key Required, Membership Required",2025-10-21T02:16:01.45126,2025-10-21T02:16:01.45126,,0,0,0,0.0,0.0,0.0,0.0,0.0,0,0.0,
460384,Mendocino Marketplace,38.46243609,-122.71766634,2300 Mendocino Ave,Santa Rosa,CA,United States,eVgo Network,,Operational,,None,,2025-10-21T02:16:01.451263,2025-10-21T02:16:01.451263,,0,0,0,0.0,0.0,0.0,0.0,0.0,0,0.0,
460372,"Pilot Travel Center #1208 Yuma, AZ",32.68634649,-114.57994208,3075 East Gila Ridge Road,Yuma,AZ,United States,eVgo Network,,Planned For Future Date,,None,,2025-10-21T02:16:01.451266,2025-10-21T02:16:01.451267,,0,0,0,0.0,0.0,0.0,0.0,0.0,0,0.0,
460371,"Circle K - Yuma, AZ",32.67071735,-114.52084983,6544 Old US Hwy 80,Yuma,AZ,United States,Circle K,,Operational,,None,,2025-10-21T02:16:01.45127,2025-10-21T02:16:01.45127,,0,0,0,0.0,0.0,0.0,0.0,0.0,0,0.0,
460368,"bp pulse - Duarte, CA",34.139788,-117.960017,2107 E Huntington Dr,Duarte,CA,United States,BP Pulse (US),,Operational,,None,,2025-10-21T02:16:01.451273,2025-10-21T02:16:01.451273,,0,0,0,0.0,0.0,0.0,0.0,0.0,0,0.0,
460367,Santa Monica Station,34.027246,-118.481496,1802 Santa Monica Blvd,Santa Monica,CA,United States,Electrify America,,Operational,,None,,2025-10-21T02:16:01.451276,2025-10-21T02:16:01.451276,,0,0,0,0.0,0.0,0.0,0.0,0.0,0,0.0,
460345,Central Co-op,47.29007101,-122.51639041,4502 N Pearl St,Tacoma,WA,United States,(Unknown Operator),,Operational,,None,,2025-10-21T02:16:01.451279,2025-10-21T02:16:01.45128,,0,0,0,0.0,0.0,0.0,0.0,0.0,0,0.0,
460331,"Pilot Travel Center #474 Sutton, WV",38.705166,-80.6642,270 Scotts Fork-Bonnie Road,Sutton,WV,United States,eVgo Network,,Operational,,None,,2025-10-21T02:16:01.451282,2025-10-21T02:16:01.451283,,0,0,0,0.0,0.0,0.0,0.0,0.0,0,0.0,
460329,IONNA Seffner Rechargery,28.00780677,-82.30035151,11760 Tampa Gateway Blvd,Seffner,FL,United States,IONNA,,Planned For Future Date,,None,,2025-10-21T02:16:01.451285,2025-10-21T02:16:01.451286,,0,0,0,0.0,0.0,0.0,0.0,0.0,0,0.0,
460328,Ionna Concord Rechargery,35.44325145,-80.59532961,960 Branchview Dr NE,Concord,NC,United States,IONNA,,Planned For Future Date,,None,,2025-10-21T02:16:01.451289,2025-10-21T02:16:01.451289,,0,0,0,0.0,0.0,0.0,0.0,0.0,0,0.0,
460323,Ionna - OKC,35.46442995,-97.50196143,125 S. Lincoln Blvd,Oklahoma City,OK,United States,IONNA,,Planned For Future Date,,None,,2025-10-21T02:16:01.451292,2025-10-21T02:16:01.451292,,0,0,0,0.0,0.0,0.0,0.0,0.0,0,0.0,
461155,Key Chrysler Dodge Jeep Ram,43.3155252,-70.99527714,400 North Main Street,Rochester,New Hampshire,United States,(Unknown Operator),,Partly Operational (Mixed),,Free,,2025-10-21T02:16:01.451164,2025-10-21T02:16:01.451164,,0,0,0,0.0,0.0,0.0,0.0,2.0,0,0.0,
461135,Marathon,43.00643564,-85.68835797,2366 Alpine Ave NW,Grand Rapids,MI,United States,Red E Charge,,Operational,,None,,2025-10-21T02:16:01.451167,2025-10-21T02:16:01.451167,,0,0,0,0.0,0.0,0.0,0.0,2.0,0,0.0,
460263,Rivian Adventure Network,47.29784887,-115.09785862,180 MT-35,St. Regis,Montana,United States,Rivian Adventure Network,,Operational,,None,,2025-10-21T02:16:01.451308,2025-10-21T02:16:01.451308,,0,0,0,0.0,0.0,0.0,0.0,0.0,0,0.0,
460215,Tri-City Shopping Center,34.06477416,-117.20365898,1380 Industrial Park Ave,Redlands,CA,United States,eVgo Network,,Operational,,None,,2025-10-21T02:16:01.451311,2025-10-21T02:16:01.451311,,0,0,0,0.0,0.0,0.0,0.0,0.0,0,0.0,
460213,"IKEA - Norfolk, VA",36.87480965,-76.20024172,1500 Ikea Way,Norfolk,VA,United States,Electrify America,,Operational,,None,,2025-10-21T02:16:01.451314,2025-10-21T02:16:01.451315,,0,0,0,0.0,0.0,0.0,0.0,0.0,0,0.0,
460212,"Ikea - Emeryville, CA",37.82887211,-122.29199036,4400 Shellmound Street,Emeryville,CA,United States,Electrify America,,Operational,,None,,2025-10-21T02:16:01.451318,2025-10-21T02:16:01.451318,,0,0,0,0.0,0.0,0.0,0.0,0.0,0,0.0,
460211,"Flying J Travel Center #716 Sioux Falls, SD",43.60268229,-96.76705786,5201 Granite Lane,Sioux Falls,SD,United States,eVgo Network,,Operational,,None,,2025-10-21T02:16:01.451321,2025-10-21T02:16:01.451322,,0,0,0,0.0,0.0,0.0,0.0,0.0,0,0.0,
460210,"Pilot Travel Center #222 Sturbridge, MA",42.06670574,-72.1072727,400 Haynes Street,Sturbridge,FL,United States,eVgo Network,,Operational,,None,,2025-10-21T02:16:01.451324,2025-10-21T02:16:01.451325,,0,0,0,0.0,0.0,0.0,0.0,0.0,0,0.0,
460209,"Flying J Travel Center #626 St. Augustine, FL",29.74952422,-81.34471615,950 State Road 206 West,St. Augustine,FL,United States,eVgo Network,,Operational,,None,,2025-10-21T02:16:01.451328,2025-10-21T02:16:01.451328,,0,0,0,0.0,0.0,0.0,0.0,0.0,0,0.0,
460208,"Thorntons #710 - Petersburg, FL",27.7851071,-82.67859983,1351 34th Street N,St. Petersburg,FL,United States,BP Pulse (US),,Operational,,None,,2025-10-21T02:16:01.451331,2025-10-21T02:16:01.451331,,0,0,0,0.0,0.0,0.0,0.0,0.0,0,0.0,
460207,"Thorntons #701 - Largo, FL",27.89478088,-82.76169098,8875 Ulmerton Road,Largo,FL,United States,BP Pulse (US),,Operational,,None,,2025-10-21T02:16:01.451334,2025-10-21T02:16:01.451334,,0,0,0,0.0,0.0,0.0,0.0,0.0,0,0.0,
460201,Krazyfish Grille,29.81527976,-85.30442491,113 Monument Ave,Port St Joe,Florida,United States,(Business Owner at Location),,Operational,,Free,,2025-10-21T02:16:01.451337,2025-10-21T02:16:01.451338,,0,0,0,0.0,0.0,0.0,0.0,0.0,0,0.0,
470696,Trailborn Grand Canyon,35.2520407,-112.18158956,642 East Route 66,Williams,AZ,United States,(Unknown Operator),,Operational,,,,2025-12-10T21:24:30.842645,2025-12-10T21:24:30.842646,,0,0,0,0.0,0.0,0.0,0.0,30.0,0,0.0,
470662,"Kittery Premium Outlets - Kittery, ME",43.11481461,-70.73033327,375 US-1,Kittery,ME,United States,Mercedes-Benz High-Power Charging (US),,Operational,,None,,2025-12-10T21:24:30.842651,2025-12-10T21:24:30.842651,,0,0,0,0.0,0.0,0.0,0.0,29.0,0,15.0,
470314,EVolve NY Afton,42.22745527,-75.5257999,174 Main Street,Afton,NY,United States,Electrify America,,Operational,,None,,2025-12-10T21:24:30.842682,2025-12-10T21:24:30.842683,,0,0,0,0.0,0.0,0.0,0.0,30.0,0,21.0,
470312,Safeway,38.01504354,-122.27200675,4080 San Pablo Avenue,Hercules,CA,United States,Electrify America,,Planned For Future Date,,None,,2025-12-10T21:24:30.842687,2025-12-10T21:24:30.842688,,0,0,0,0.0,0.0,0.0,0.0,30.0,0,0.0,
469752,"Ionna Carlin, NV Rechargery Relay @ Ridley’s Market",40.71873861,-116.10837613,730 10th Street,Carlin,NV,United States,IONNA,,Operational,,None,,2025-12-10T21:24:30.842703,2025-12-10T21:24:30.842703,,0,0,0,0.0,0.0,0.0,0.0,30.0,0,0.0,
469749,"Ionna Reading, MA Rechargery Relay",42.51828198,-71.09510054,39 Walkers Brook Drive,Reading,MA,United States,IONNA,,Operational,,None,,2025-12-10T21:24:30.842706,2025-12-10T21:24:30.842706,,0,0,0,0.0,0.0,0.0,0.0,30.0,0,7.0,
470276,"New Albany Light, Gas, and Water",34.49340373,-89.01077641,205 Carter Avenue,New Albany,MS,United States,Electric Era (US),,Operational,,None,,2025-12-10T21:24:30.842692,2025-12-10T21:24:30.842692,,0,0,0,0.0,0.0,0.0,0.0,30.0,0,0.0,
470652,"Starbucks - Phoenix, OR",42.28021952,-122.82161296,4149 South Pacific Hwy,Phoenix,OR,United States,Mercedes-Benz High-Power Charging (US),,Planned For Future Date,,None,,2025-12-10T21:24:30.842656,2025-12-10T21:24:30.842656,,0,0,0,0.0,0.0,0.0,0.0,30.0,0,0.0,
462269,Ionna Rechargery,38.74407396,-121.2778181,1017 Douglas Blvd.,Roseville,CA,United States,IONNA,,Planned For Future Date,,None,"Access Key Required, Membership Required",2025-10-21T02:16:01.450991,2025-10-21T02:16:01.450993,,0,0,0,0.0,0.0,0.0,0.0,2.0,0,0.0,
462127,Kimco-charlotte,35.16030907,-80.87590677,5541 South Blvd,Charlotte,NC,United States,(Unknown Operator),,Operational,,m-f  $0.65/kwh sat/sun $0.49/kwh plus $1.00 session fee and tax,,2025-10-21T02:16:01.451021,2025-10-21T02:16:01.451021,,0,0,0,0.0,0.0,0.0,0.0,2.0,0,0.0,
461156,Key GMC of Rochester,43.31462844,-70.99564133,400 North Main Street,Rochester,New Hampshire,United States,InCharge (US),,Operational,,$0.45/kWh,,2025-10-21T02:16:01.45116,2025-10-21T02:16:01.451161,,0,0,0,0.0,0.0,0.0,0.0,2.0,0,0.0,
461130,TownePlace Suites by Marriott Houston Northwest/Beltway 8,29.90245,-95.544401,8845 West Rd,Houston,TX,United States,Tesla (including non-tesla),,Operational,,0.35 cents/kw,"Access Key Required, Membership Required",2025-10-21T02:16:01.45117,2025-10-21T02:16:01.45117,,0,0,0,0.0,0.0,0.0,0.0,2.0,0,1.0,
460322,Ionna Daytona Beach Rechargery Relay @Wawa,29.19155152,-81.07322389,1900 International Speedway Boulevard,Daytona Beach,FL,United States,IONNA,,Operational,,None,,2025-10-21T02:16:01.451295,2025-10-21T02:16:01.451295,,0,0,0,0.0,0.0,0.0,0.0,0.0,0,0.0,
460321,IONNA - Gilman Rechargery Relay,40.751371,-87.999554,625 US-24,Gilman,IL,United States,IONNA,,Operational,,None,,2025-10-21T02:16:01.451298,2025-10-21T02:16:01.451299,,0,0,0,0.0,0.0,0.0,0.0,0.0,0,0.0,
460320,"Ionna - Daly City, CA",37.69757104,-122.46384206,6915 Mission Street,Daly City,CA,United States,IONNA,,Planned For Future Date,,None,,2025-10-21T02:16:01.451301,2025-10-21T02:16:01.451302,,0,0,0,0.0,0.0,0.0,0.0,0.0,0,0.0,
460318,EVgo,47.49120525,-121.7930512,461 South Fork ave,North Bend,Washington,United States,eVgo Network,,Operational,,None,"Access Key Required, Membership Required",2025-10-21T02:16:01.451305,2025-10-21T02:16:01.451305,,0,0,0,0.0,0.0,0.0,0.0,0.0,0,0.0,
470651,"Starbucks - Ridgefield, WA",45.81638546,-122.69037961,100 North 56th Place,Ridgefield,WA,United States,Mercedes-Benz High-Power Charging (US),,Planned For Future Date,,None,,2025-12-10T21:24:30.842661,2025-12-10T21:24:30.842661,,0,0,0,0.0,0.0,0.0,0.0,29.0,0,4.0,
470113,Kwik-Charge #1205,43.57533066,-89.77678452,1171 Wisconsin Dells Pkwy S,Lake Delton,WI,United States,Kwik Charge (Kwik Trip),,Operational,,None,"Access Key Required, Membership Required",2025-12-10T21:24:30.842695,2025-12-10T21:24:30.842696,,0,0,0,0.0,0.0,0.0,0.0,30.0,0,0.0,
470792,Fellows Creek Golf Club,42.28526676,-83.4377779,2936 S Lotz Rd,Canton,MI,United States,Volta Charging,,Operational,,None,,2025-12-10T21:24:30.842637,2025-12-10T21:24:30.842639,,0,0,0,0.0,0.0,0.0,0.0,29.0,0,0.0,
470498,US Highway 57,28.71659659,-100.46112918,US Highway 57,Eagle Pass,Texas,United States,InCharge (US),,Operational,,None,,2025-12-10T21:24:30.842666,2025-12-10T21:24:30.842666,,0,0,0,0.0,0.0,0.0,0.0,30.0,0,30.0,
469807,OUC ReCharge EV Hub at OCCC,28.43103321,-81.45316713,8500 Tradeshow Blvd,Orlando,FL,United States,ChargeUp (NovaCharge),,Operational,,"$0.50 flat rate, 5%VAT, $0.40 per kWh","Access Key Required, Membership Required",2025-12-10T21:24:30.842699,2025-12-10T21:24:30.8427,,0,0,0,0.0,0.0,0.0,0.0,30.0,0,0.0,
470357,FastTrack Market Marathon,42.25597141,-83.27277905,24344 Ecorae,Taylor,MI,United States,Red E Charge,,Operational,,None,,2025-12-10T21:24:30.842671,2025-12-10T21:24:30.842672,,0,0,0,0.0,0.0,0.0,0.0,29.0,0,0.0,
469743,"Pilot Travel Center #4642 Toms Brook, VA",38.96681936,-78.43859993,1014 Mt Olive Road,Toms Brook,VA,United States,eVgo Network,,Operational,,None,,2025-12-10T21:24:30.842724,2025-12-10T21:24:30.842724,,0,0,0,10.0,373.94,85.5,11.184000000000001,30.0,0,0.0,2025-12-08T17:28:00.299365
469741,"Pilot Travel Center #63 Piedmont, SC",34.71029947,-82.49809244,110 Frontage Road,Piedmont,SC,United States,eVgo Network,,Operational,,None,,2025-12-10T21:24:30.842727,2025-12-10T21:24:30.842727,,0,0,0,22.0,889.55,81.13636363636364,14.77590909090909,28.0,0,0.0,2025-12-10T23:47:00.299698
469612,"Dennys - Auburn, WA",47.30259018,-122.22622845,521 Auburn Way South,Auburn,WA,United States,Electric Era (US),,Planned For Future Date,,None,"Access Key Required, Membership Required",2025-12-10T21:24:30.84273,2025-12-10T21:24:30.84273,,0,0,0,29.0,1348.28,86.37931034482759,13.837241379310344,30.0,0,106.0,2025-12-10T12:23:00.300089
469611,Dennys,47.43566569,-122.29675732,18623 International Blvd,Seatac,WA,United States,Electric Era (US),,Planned For Future Date,,None,"Access Key Required, Membership Required",2025-12-10T21:24:30.842733,2025-12-10T21:24:30.842733,,0,0,0,21.0,949.55,93.57142857142857,14.385714285714284,28.0,0,103.0,2025-12-10T20:47:00.300926
469499,Renewable Grid - Glen Cove Fast Charging,40.86583398,-73.63155013,41 Forest Ave,Glen Cove,NY,United States,(Unknown Operator),,Operational,,$0.50 per kWh,"Access Key Required, Membership Required",2025-12-10T21:24:30.842737,2025-12-10T21:24:30.842737,,0,0,0,25.0,1140.03,90.0,13.439200000000001,30.0,0,0.0,2025-12-10T11:11:00.301443
469455,Polaris Bergland Township,46.59222416,-89.57231251,203 Elm St.,Bergland,MI,United States,(Unknown Operator),,Operational,,Free,,2025-12-10T21:24:30.84274,2025-12-10T21:24:30.84274,,0,0,0,0.0,0.0,0.0,0.0,28.0,0,85.0,
469430,Bernal Plaza,37.23344502,-121.77467103,129 Bernal Road,San Jose,CA,United States,eVgo Network,,Operational,,None,,2025-12-10T21:24:30.842743,2025-12-10T21:24:30.842743,,0,0,0,0.0,0.0,0.0,0.0,30.0,0,0.0,
469403,1122 Frankford grand,37.415328,-122.076575,1122 Frankford ave,fishtown,PA,United States,(Unknown Operator),,Operational,,0.42 per kw,,2025-12-10T21:24:30.842746,2025-12-10T21:24:30.842747,,0,0,0,0.0,0.0,0.0,0.0,28.0,0,0.0,
469401,Dutch Bros,38.47561181,-121.4185743,7775 Stockton Blvd,Sacramento,CA,United States,IONNA,,Planned For Future Date,,None,,2025-12-10T21:24:30.84275,2025-12-10T21:24:30.84275,,0,0,0,0.0,0.0,0.0,0.0,28.0,0,0.0,
469399,Elkhorn Shopping Center,38.69461723,-121.3611978,4337 Elkhorn Blvd,Sacramento,CA,United States,eVgo Network,,Planned For Future Date,,None,,2025-12-10T21:24:30.842753,2025-12-10T21:24:30.842753,,0,0,0,0.0,0.0,0.0,0.0,27.0,0,0.0,
469374,Freewire Charging Station,39.98548248,-83.00390753,1155 N High St.,Columbus,OH,United States,(Unknown Operator),,Operational,,None,Pay at Location,2025-12-10T21:24:30.842756,2025-12-10T21:24:30.842757,,0,0,0,0.0,0.0,0.0,0.0,28.0,0,57.0,
469253,Lenexa Justice Center,38.95489401,-94.78549242,17371 Prairie Star Parkway,Lenexa,KS,United States,Tesla (including non-tesla),,Operational,,$0.20 kWh No Idle Fee,,2025-12-10T21:24:30.842759,2025-12-10T21:24:30.84276,,0,0,0,0.0,0.0,0.0,0.0,27.0,0,0.0,
469252,Lenexa Old Town Activity Center,38.95898846,-94.74154538,9301 Pflumm Rd,Lenexa,KS,United States,Tesla (including non-tesla),,Operational,,$0.20 kWh No Idle Fee,,2025-12-10T21:24:30.842763,2025-12-10T21:24:30.842763,,0,0,0,0.0,0.0,0.0,0.0,26.0,0,0.0,
469748,Ionna Largo Rechargery @ Wawa,27.92834267,-82.7883568,1215 Missouri Ave N,Largo,FL,United States,IONNA,,Operational,,None,,2025-12-10T21:24:30.842709,2025-12-10T21:24:30.84271,,0,0,0,0.0,0.0,0.0,0.0,30.0,0,7.0,
469747,"Flying J Travel Center #692 Wells, NV",41.09733192,-114.95841899,156 US-93,Wells,NV,United States,eVgo Network,,Operational,,None,,2025-12-10T21:24:30.842713,2025-12-10T21:24:30.842713,,0,0,0,0.0,0.0,0.0,0.0,28.0,0,0.0,
469746,"Pilot Travel Center #281 Girard, OH",41.14061926,-80.71873263,2786 Salt Springs Road,Girard,OH,United States,eVgo Network,,Operational,,None,,2025-12-10T21:24:30.842716,2025-12-10T21:24:30.842716,,0,0,0,0.0,0.0,0.0,0.0,30.0,0,0.0,
469745,"Flying J Travel Center #875 Elkton, MD",39.63775037,-75.80665298,221 Belle Hill Road,Elkton,MD,United States,eVgo Network,,Operational,,None,,2025-12-10T21:24:30.842719,2025-12-10T21:24:30.84272,,0,0,0,0.0,0.0,0.0,0.0,28.0,0,0.0,
